Job Title,Company,Location,Experience Required,Date Posted,Apply URL,Found Date,Job Description
Connect Engineering Apprenticeship,Airbnb,,Entry Level,Recently,https://careers.airbnb.com/connect-engineering-apprenticeship/,2025-06-20 12:33,Connect Engineering Apprenticeship
Calling on EU cities to tackle the ‘overwhelming impact’ of hotels on overtourism,Airbnb,Calling on EU cities to tackle the ‘overwhelming impact’ of hotels on overtourism,Entry Level,Recently,https://news.airbnb.com/the-overwhelming-impact-of-hotels-on-overtourism/,2025-06-20 12:33,Calling on EU cities to tackle the ‘overwhelming impact’ of hotels on overtourism
Engineering & Technology,Airbnb,,Entry Level,Recently,https://careers.airbnb.com/positions/?_departments=engineering-technology,2025-06-20 12:33,Engineering & Technology
Data Science,Airbnb,,Entry Level,Recently,https://careers.airbnb.com/positions/?_departments=data-science,2025-06-20 12:33,Data Science
Early Career Program: Intern,Airbnb,Early Career Program: Intern,Entry Level,Recently,https://careers.airbnb.com/positions/?_departments=early-career-program-intern,2025-06-20 12:33,Early Career Program: Intern
Business Development,Airbnb,Business Development,Entry Level,Recently,https://careers.airbnb.com/positions/?_departments=business-development,2025-06-20 12:33,Business Development
Jobs at Airbnb,Airbnb,,Entry Level,Recently,https://careers.airbnb.com/positions,2025-06-20 12:33,Jobs at Airbnb
Life at Airbnb,Airbnb,,Entry Level,Recently,https://careers.airbnb.com/life-at-airbnb/,2025-06-20 12:33,Life at Airbnb
Skip to main content,Airbnb,,Entry Level,Recently,https://careers.airbnb.com/#main-content,2025-06-20 12:33,Skip to main content
Kaiser Permanente,Airbnb,,Entry Level,Recently,https://healthy.kaiserpermanente.org/northern-california/pages/technical-information#machine-readable-files,2025-06-20 12:33,Kaiser Permanente
Internship Programs,Airbnb,,Entry Level,Recently,https://careers.airbnb.com/internship-programs/,2025-06-20 12:33,Internship Programs
Community Support,Airbnb,,Entry Level,Recently,https://careers.airbnb.com/positions/?_departments=community-support,2025-06-20 12:33,Community Support
Engineering,Airbnb,,Entry Level,Recently,https://careers.airbnb.com/positions/?_departments=engineering,2025-06-20 12:33,Engineering
Amazon Web Services,Amazon,,Entry Level,Recently,https://aws.amazon.com/careers/?utm_source=amazon_jobs&utm_medium=footer&utm_campaign=evergreen_homepage,2025-06-20 12:33,Amazon Web Services
"Panel Process, Equipment, Integration Engineer",Apple,"Panel Process, Equipment, Integration Engineer Hardware Jun 20, 2025 Cupertino",Entry Level,Recently,https://jobs.apple.com/en-us/details/200609549/panel-process-equipment-integration-engineer?team=HRDWR,2025-06-20 14:03,"Panel Process, Equipment, Integration Engineer Hardware Jun 20, 2025 Cupertino"
"The Apple Services Engineering team is one of the most exciting examples of Apple’s long-held passion for combining art and technology! These are the people who power the App Store, Apple TV, Apple Music, Apple Podcasts, Fitness+ and Apple Books. And they do it on a massive scale, meeting Apple’s high expectations with high performance to deliver a huge variety of entertainment in over 35 languages to more than 150 countries!",Apple,The Apple Services Engineering team is one of the most exciting examples of Apple’s long-held passio,Entry Level,Recently,https://jobs.apple.com/app/en-us/apply/200608810,2025-06-20 13:56,"The Apple Services Engineering team is one of the most exciting examples of Apple’s long-held passion for combining art and technology! These are the people who power the App Store, Apple TV, Apple Music, Apple Podcasts, Fitness+ and Apple Books. And they do it on a massive scale, meeting Apple’s high expectations with high performance to deliver a huge variety of entertainment in over 35 languages to more than 150 countries!

Apple Services Engineering Program Managers partner with engineers wh..."
"Imagine what you can do here. Apple is a place where extraordinary people gather to do their lives best work. Together we create products and experiences people once couldn’t have imagined, and now, can’t imagine living without. It’s the diversity of those people and their ideas that inspires the innovation that runs through everything we do. Submit Resume",Apple,Imagine what you can do here. Apple is a place where extraordinary people gather to do their lives b,Entry Level,Recently,https://jobs.apple.com/app/en-us/apply/200607928,2025-06-20 13:56,"Imagine what you can do here. Apple is a place where extraordinary people gather to do their lives best work. Together we create products and experiences people once couldn’t have imagined, and now, can’t imagine living without. It’s the diversity of those people and their ideas that inspires the innovation that runs through everything we do. Submit Resume"
Design Verification Engineer,Apple,"Design Verification Engineer Hardware Jun 20, 2025 Seattle",Entry Level,Recently,https://jobs.apple.com/en-us/details/200607928/design-verification-engineer?team=HRDWR,2025-06-20 13:56,"Design Verification Engineer Hardware Jun 20, 2025 Seattle"
US-Expert,Apple,"US-Expert Apple Retail Jun 20, 2025 Various Locations within United States",Entry Level,Recently,https://jobs.apple.com/en-us/details/114438150/us-expert?team=APPST,2025-06-20 12:33,"US-Expert Apple Retail Jun 20, 2025 Various Locations within United States"
"US - Specialist: Full-Time, Part-Time, and Part-Time Temporary",Apple,"US - Specialist: Full-Time, Part-Time, and Part-Time Temporary Apple Retail Jun 20, 2025 Various Loc",Entry Level,Recently,https://jobs.apple.com/en-us/details/114438158/us-specialist-full-time-part-time-and-part-time-temporary?team=APPST,2025-06-20 12:33,"US - Specialist: Full-Time, Part-Time, and Part-Time Temporary Apple Retail Jun 20, 2025 Various Locations within United States"
US-Business Pro,Apple,"US-Business Pro Apple Retail Jun 20, 2025 Various Locations within United States",Entry Level,Recently,https://jobs.apple.com/en-us/details/200125453/us-business-pro?team=APPST,2025-06-20 12:33,"US-Business Pro Apple Retail Jun 20, 2025 Various Locations within United States"
"Apple Retail is where the best of Apple comes together. We bring our expertise to help people do what they love, delivering an only-at-Apple experience. We believe inclusion is a shared responsibility and we work together to foster a culture where everyone belongs and is inspired to do their best work.",Apple,Apple Retail is where the best of Apple comes together. We bring our expertise to help people do wha,Entry Level,Recently,https://jobs.apple.com/en-us/details/200125453/us-business-pro/locationPicker,2025-06-20 12:33,"Apple Retail is where the best of Apple comes together. We bring our expertise to help people do what they love, delivering an only-at-Apple experience. We believe inclusion is a shared responsibility and we work together to foster a culture where everyone belongs and is inspired to do their best work.

As a Business Pro, you’re part of a team that’s passionate about helping businesses succeed. The Business Pro develops and grows relationships with high-potential business customers, and builds l..."
"Apple Retail is where the best of Apple comes together. We bring our expertise to help people do what they love, delivering an only-at-Apple experience. We believe inclusion is a shared responsibility and we work together to foster a culture where everyone belongs and is inspired to do their best work.",Apple,Apple Retail is where the best of Apple comes together. We bring our expertise to help people do wha,Entry Level,Recently,https://jobs.apple.com/en-us/details/114438158/us-specialist-full-time-part-time-and-part-time-temporary/locationPicker,2025-06-20 12:33,"Apple Retail is where the best of Apple comes together. We bring our expertise to help people do what they love, delivering an only-at-Apple experience. We believe inclusion is a shared responsibility and we work together to foster a culture where everyone belongs and is inspired to do their best work.

As a Specialist, you build brand loyalty and create owners of Apple products and services. You’re dedicated to selling and delivering a customer service experience that is unlike any other. A Spe..."
Software Engineer,Apple,"Software Engineer Software and Services Jun 20, 2025 Sunnyvale",Entry Level,Recently,https://jobs.apple.com/en-us/details/200608915/software-engineer?team=SFTWR,2025-06-20 12:33,"Software Engineer Software and Services Jun 20, 2025 Sunnyvale"
US-Creative,Apple,"US-Creative Apple Retail Jun 20, 2025 Various Locations within United States",Entry Level,Recently,https://jobs.apple.com/en-us/details/114438149/us-creative?team=APPST,2025-06-20 12:33,"US-Creative Apple Retail Jun 20, 2025 Various Locations within United States"
"Apple Retail is where the best of Apple comes together. We bring our expertise to help people do what they love, delivering an only-at-Apple experience. We believe inclusion is a shared responsibility and we work together to foster a culture where everyone belongs and is inspired to do their best work.",Apple,Apple Retail is where the best of Apple comes together. We bring our expertise to help people do wha,Entry Level,Recently,https://jobs.apple.com/en-us/details/114438149/us-creative/locationPicker,2025-06-20 12:33,"Apple Retail is where the best of Apple comes together. We bring our expertise to help people do what they love, delivering an only-at-Apple experience. We believe inclusion is a shared responsibility and we work together to foster a culture where everyone belongs and is inspired to do their best work.

As a Creative, you foster a learning environment for our customers by helping them set up their products and connect their interests to the Apple ecosystem. Through Apple-led sessions and events,..."
"Apple Retail is where the best of Apple comes together. We bring our expertise to help people do what they love, delivering an only-at-Apple experience. We believe inclusion is a shared responsibility and we work together to foster a culture where everyone belongs and is inspired to do their best work.",Apple,Apple Retail is where the best of Apple comes together. We bring our expertise to help people do wha,Entry Level,Recently,https://jobs.apple.com/en-us/details/114438150/us-expert/locationPicker,2025-06-20 12:33,"Apple Retail is where the best of Apple comes together. We bring our expertise to help people do what they love, delivering an only-at-Apple experience. We believe inclusion is a shared responsibility and we work together to foster a culture where everyone belongs and is inspired to do their best work.

As an Expert, you possess a deep understanding of our products and services across the Apple ecosystem. You excel at selling products, offering all of Apple’s services, and delivering an exceptio..."
Cybersecurity Account Executive,Cisco,,Entry Level,Recently,https://jobs.cisco.com/jobs/ProjectDetail/Cybersecurity-Account-Executive/1444537,2025-06-20 12:33,Cybersecurity Account Executive
"Software Engineer (Early in Career), Lisbon",Cisco,"Software Engineer (Early in Career), Lisbon",Entry Level,Recently,https://jobs.cisco.com/jobs/ProjectDetail/Software-Engineer-Early-in-Career-Lisbon/1444558,2025-06-20 12:33,"Software Engineer (Early in Career), Lisbon"
"Software Engineer, Front End - AI Software and Platform Team",Cisco,"Software Engineer, Front End - AI Software and Platform Team",Entry Level,Recently,https://jobs.cisco.com/jobs/ProjectDetail/Software-Engineer-Front-End-AI-Software-and-Platform-Team/1444601,2025-06-20 12:33,"Software Engineer, Front End - AI Software and Platform Team"
Français,Cisco,,Entry Level,Recently,https://jobs.cisco.com/jobsfr,2025-06-20 12:33,Français
Software Engineer - Data Fabric team,Cisco,Software Engineer - Data Fabric team,Entry Level,Recently,https://jobs.cisco.com/jobs/ProjectDetail/Software-Engineer-Data-Fabric-team/1445168,2025-06-20 12:33,Software Engineer - Data Fabric team
Electrical Post silicon Validation Engineer,Cisco,Electrical Post silicon Validation Engineer,Entry Level,Recently,https://jobs.cisco.com/jobs/ProjectDetail/Electrical-Post-silicon-Validation-Engineer/1445100,2025-06-20 12:33,Electrical Post silicon Validation Engineer
Software Engineer | Networking/Security & Python,Cisco,Software Engineer | Networking/Security & Python,Entry Level,Recently,https://jobs.cisco.com/jobs/ProjectDetail/Software-Engineer-Networking-Security-Python/1444937,2025-06-20 12:33,Software Engineer | Networking/Security & Python
Solutions Engineer - US Commercial,Cisco,Solutions Engineer - US Commercial,Entry Level,Recently,https://jobs.cisco.com/jobs/ProjectDetail/Solutions-Engineer-US-Commercial/1444940,2025-06-20 12:33,Solutions Engineer - US Commercial
Solutions Engineer,Cisco,,Entry Level,Recently,https://jobs.cisco.com/jobs/ProjectDetail/Solutions-Engineer/1444773,2025-06-20 12:33,Solutions Engineer
Test Development Engineer – Data Analysis,Cisco,,Entry Level,Recently,https://jobs.cisco.com/jobs/ProjectDetail/Test-Development-Engineer-Data-Analysis/1444819,2025-06-20 12:33,Test Development Engineer – Data Analysis
Hardware FPGA Design Engineer,Cisco,Hardware FPGA Design Engineer,Entry Level,Recently,https://jobs.cisco.com/jobs/ProjectDetail/Hardware-FPGA-Design-Engineer/1444830,2025-06-20 12:33,Hardware FPGA Design Engineer
Solutions Engineer - US Commercial - Detroit Metro 1444737,Cisco,Solutions Engineer - US Commercial - Detroit Metro 1444737,Entry Level,Recently,https://jobs.cisco.com/jobs/ProjectDetail/Solutions-Engineer-US-Commercial-Detroit-Metro-1444737/1444737,2025-06-20 12:33,Solutions Engineer - US Commercial - Detroit Metro 1444737
Solutions Engineer - Networking,Cisco,,Entry Level,Recently,https://jobs.cisco.com/jobs/ProjectDetail/Solutions-Engineer-Networking/1444634,2025-06-20 12:33,Solutions Engineer - Networking
"Account Executive, Portfolio - US Commercial - Detroit Metro 1444663",Cisco,"Account Executive, Portfolio - US Commercial - Detroit Metro 1444663",Entry Level,Recently,https://jobs.cisco.com/jobs/ProjectDetail/Account-Executive-Portfolio-US-Commercial-Detroit-Metro-1444663/1444663,2025-06-20 12:33,"Account Executive, Portfolio - US Commercial - Detroit Metro 1444663"
"Software Engineer, Backend Engineering- AI Software and Platform Team",Cisco,"Software Engineer, Backend Engineering- AI Software and Platform Team",Entry Level,Recently,https://jobs.cisco.com/jobs/ProjectDetail/Software-Engineer-Backend-Engineering-AI-Software-and-Platform-Team/1444609,2025-06-20 12:33,"Software Engineer, Backend Engineering- AI Software and Platform Team"
Students and GraduatesStudents and Graduates,Deutsche Bank,,Entry Level,Recently,https://careers.db.com/students-graduates/index?language_id=1#/graduate/,2025-06-20 12:33,"Students and Graduates Students and Graduates Whether you're a university student or recent graduate, explore a broad range of entry routes tailored to you Students and Graduates more"
Engineer the future,Deutsche Bank,Engineer the future to careers in technology Discover careers in technology to careers in technology,Entry Level,Recently,https://careers.db.com/explore-the-bank/careers-in-technology/index?language_id=1,2025-06-20 12:33,Engineer the future to careers in technology Discover careers in technology to careers in technology more
ApprenticesSchool leavers,Deutsche Bank,Apprentices School leavers Our school leaver opportunities offer an attractive alternative to univer,Entry Level,Recently,https://careers.db.com/School-leavers-uk/index?language_id=1,2025-06-20 12:33,Apprentices School leavers Our school leaver opportunities offer an attractive alternative to university and a great platform to start a successful career. Apprentices more
ProfessionalsProfessionals,Deutsche Bank,,Entry Level,Recently,https://careers.db.com/professionals/index?language_id=1#/professional/,2025-06-20 12:33,Professionals Professionals Discover the opportunity for you Professionals more
Filter Results,FedEx,Filters Filter Results Categories Driver ( 1326 ) Facility Operations ( 414 ) Maintenance ( 184 ) Pa,Entry Level,Recently,https://careers.fedex.com/fedex/jobs,2025-06-20 12:33,Filters Filter Results Categories Driver ( 1326 ) Facility Operations ( 414 ) Maintenance ( 184 ) Package Handler ( 545 ) Professional ( 1050 ) Retail ( 169 ) Companies Federal Express Corporation ( 1778 ) Federal Express Corporation AMEA ( 206 ) Federal Express Corporation Canada ( 184 ) Federal Express Corporation EU ( 332 ) Federal Express Corporation LAC ( 263 ) FedEx Corporate ( 1 ) FedEx Custom Critical ( 4 ) FedEx Dataworks ( 6 ) FedEx Dataworks EU ( 2 ) Remote No ( 3656 ) Yes ( 42 ) Empl...
"Showing 1 - 10 of 3698 jobs Sort By Job Title Most Recent Job Title 10502: Customer Service Rep I RC500527 Job Location 100 Río Guayalejo, San Pedro Garza Garcia Nuevo, MX FedEx Freight Mexico Full Time VIEW JOB ADMIN SUPPOR AGENT RC755462 Job Location Belen, La Ribera Heredia Province, CR Federal Express Corporation LAC Full Time VIEW JOB AEC004: Agent, Ocean Operations RC756226 Job Location Dubai Dubai, AE FedEx Logistics AMEA Full Time VIEW JOB AOD Business Planning Analyst P25-218411-2 Job L",FedEx,Showing 1 - 10 of 3698 jobs Sort By Job Title Most Recent Job Title 10502: Customer Service Rep I RC,Entry Level,Recently,https://careers.fedex.com/10502-customer-service-rep-i/job/F7A7D6A8679C1B53A20C399421581F44,2025-06-20 12:33,"Showing 1 - 10 of 3698 jobs Sort By Job Title Most Recent Job Title 10502: Customer Service Rep I RC500527 Job Location 100 Río Guayalejo, San Pedro Garza Garcia Nuevo, MX FedEx Freight Mexico Full Time VIEW JOB ADMIN SUPPOR AGENT RC755462 Job Location Belen, La Ribera Heredia Province, CR Federal Express Corporation LAC Full Time VIEW JOB AEC004: Agent, Ocean Operations RC756226 Job Location Dubai Dubai, AE FedEx Logistics AMEA Full Time VIEW JOB AOD Business Planning Analyst P25-218411-2 Job L..."
"Software Engineer, Product Engineering (London, United Kingdom)",Figma,"Software Engineer, Product Engineering (London, United Kingdom)",Entry Level,Recently,https://boards.greenhouse.io/figma/jobs/5551697004?gh_jid=5551697004,2025-06-20 13:56,"Software Engineer, Product Engineering (London, United Kingdom)"
"Software Engineer, Production Engineering",Figma,"Software Engineer, Production Engineering",Entry Level,Recently,https://boards.greenhouse.io/figma/jobs/5551649004?gh_jid=5551649004,2025-06-20 13:56,"Software Engineer, Production Engineering"
"Software Engineer, Rendering & Animation",Figma,"Software Engineer, Rendering & Animation",Entry Level,Recently,https://boards.greenhouse.io/figma/jobs/5552522004?gh_jid=5552522004,2025-06-20 13:56,"Software Engineer, Rendering & Animation"
"Software Engineer, Product Engineering",Figma,"Software Engineer, Product Engineering",Entry Level,Recently,https://boards.greenhouse.io/figma/jobs/5552540004?gh_jid=5552540004,2025-06-20 13:56,"Software Engineer, Product Engineering"
"Software Engineer, Platform Engineering",Figma,"Software Engineer, Platform Engineering",Entry Level,Recently,https://boards.greenhouse.io/figma/jobs/5552560004?gh_jid=5552560004,2025-06-20 13:56,"Software Engineer, Platform Engineering"
"Software Engineer, Data Infrastructure",Figma,"Software Engineer, Data Infrastructure",Entry Level,Recently,https://boards.greenhouse.io/figma/jobs/5551686004?gh_jid=5551686004,2025-06-20 12:33,"Software Engineer, Data Infrastructure"
Data Scientist,Figma,,Entry Level,Recently,https://boards.greenhouse.io/figma/jobs/5552580004?gh_jid=5552580004,2025-06-20 12:33,Data Scientist
"Software Engineer, Infrastructure",Figma,"Software Engineer, Infrastructure",Entry Level,Recently,https://boards.greenhouse.io/figma/jobs/5552549004?gh_jid=5552549004,2025-06-20 12:33,"Software Engineer, Infrastructure"
"Software Engineer, Machine Learning",Figma,"Software Engineer, Machine Learning",Entry Level,Recently,https://boards.greenhouse.io/figma/jobs/5551532004?gh_jid=5551532004,2025-06-20 12:33,"Software Engineer, Machine Learning"
"Software Engineer, Mobile Platform",Figma,"Software Engineer, Mobile Platform",Entry Level,Recently,https://boards.greenhouse.io/figma/jobs/5552512004?gh_jid=5552512004,2025-06-20 12:33,"Software Engineer, Mobile Platform"
Security Engineer,Figma,,Entry Level,Recently,https://boards.greenhouse.io/figma/jobs/5551463004?gh_jid=5551463004,2025-06-20 12:33,Security Engineer
Data Engineer,Figma,,Entry Level,Recently,https://boards.greenhouse.io/figma/jobs/5220003004?gh_jid=5220003004,2025-06-20 12:33,Data Engineer
"UX Writer, Design Systems",Figma,,Entry Level,Recently,https://boards.greenhouse.io/figma/jobs/5567198004?gh_jid=5567198004,2025-06-20 12:33,"UX Writer, Design Systems"
"Product Designer, Extensibility",Figma,,Entry Level,Recently,https://boards.greenhouse.io/figma/jobs/5555757004?gh_jid=5555757004,2025-06-20 12:33,"Product Designer, Extensibility"
"Product Designer, Design Systems",Figma,,Entry Level,Recently,https://boards.greenhouse.io/figma/jobs/5494498004?gh_jid=5494498004,2025-06-20 12:33,"Product Designer, Design Systems"
"Figma Ventures , Corporate Development & Strategy",Figma,,Entry Level,Recently,https://boards.greenhouse.io/figma/jobs/5492533004?gh_jid=5492533004,2025-06-20 12:33,"Figma Ventures , Corporate Development & Strategy"
"Software Engineer, Desktop",Figma,"Software Engineer, Desktop",Entry Level,Recently,https://boards.greenhouse.io/figma/jobs/5536280004?gh_jid=5536280004,2025-06-20 12:33,"Software Engineer, Desktop"
"Software Engineer, AI Infrastructure",Figma,"Software Engineer, AI Infrastructure",Entry Level,Recently,https://boards.greenhouse.io/figma/jobs/5551669004?gh_jid=5551669004,2025-06-20 12:33,"Software Engineer, AI Infrastructure"
"Software Engineer, AI Product",Figma,"Software Engineer, AI Product",Entry Level,Recently,https://boards.greenhouse.io/figma/jobs/5551730004?gh_jid=5551730004,2025-06-20 12:33,"Software Engineer, AI Product"
"Software Engineer, C++",Figma,"Software Engineer, C++",Entry Level,Recently,https://boards.greenhouse.io/figma/jobs/5552530004?gh_jid=5552530004,2025-06-20 12:33,"Software Engineer, C++"
There are no jobs that fit these filter criteria. Please change filters to view other jobs.,Hudson River Trading,,Entry Level,Recently,https://www.hudsonrivertrading.com/careers/,2025-06-20 12:33, Clear All There are no jobs that fit these filter criteria. Please change filters to view other jobs.
Disability Equality Index 2023 Best Places to Work Read more,LinkedIn,,Entry Level,Recently,https://disabilityin.org/what-we-do/disability-equality-index/2023companies/,2025-06-20 12:33,Disability Equality Index 2023 Best Places to Work Read more
"Everyday, our products help people make powerful connections, discover exciting opportunities, build necessary skills, and gain valuable insights. Since 2003, we have pursued one simple, yet audacious vision: To create economic opportunity for every member of the global workforce. To us, these words are more than just a statement. They connect and inspire our global team because we each play a critical role in making this vision - that has the power to transform ourselves, our communities, and t",LinkedIn,"Everyday, our products help people make powerful connections, discover exciting opportunities, build",Entry Level,Recently,https://www.linkedin.com/company/linkedin/mycompany/?viewAsMember=true,2025-06-20 12:33,"Everyday, our products help people make powerful connections, discover exciting opportunities, build necessary skills, and gain valuable insights. Since 2003, we have pursued one simple, yet audacious vision: To create economic opportunity for every member of the global workforce. To us, these words are more than just a statement. They connect and inspire our global team because we each play a critical role in making this vision - that has the power to transform ourselves, our communities, and t..."
Learn More About InLife Benefits,LinkedIn,,Entry Level,Recently,https://careers.linkedin.com/benefits,2025-06-20 12:33,Learn More About InLife Benefits
"As we rise to meet the ever changing challenges and opportunities of an evolving workforce, we stay grounded in our culture and values, to ensure that we are making decisions with each other and our members in mind. Our Culture and Values",LinkedIn,,Entry Level,Recently,https://careers.linkedin.com/culture-and-values,2025-06-20 12:33,"As we rise to meet the ever changing challenges and opportunities of an evolving workforce, we stay grounded in our culture and values, to ensure that we are making decisions with each other and our members in mind. Our Culture and Values"
"Belonging at LinkedIn Our vision, to create economic opportunity for every member of the global workforce, connects everyone at LinkedIn. As we strive to create a culture of belonging for our employees, members, and customers, we get closer to achieving that vision. Our Programs",LinkedIn,"Belonging at LinkedIn Our vision, to create economic opportunity for every member of the global work",Entry Level,Recently,https://careers.linkedin.com/belonging,2025-06-20 12:33,"Belonging at LinkedIn Our vision, to create economic opportunity for every member of the global workforce, connects everyone at LinkedIn. As we strive to create a culture of belonging for our employees, members, and customers, we get closer to achieving that vision. Our Programs"
"Global Impact Everyone deserves equal access to economic opportunity. To make that vision a reality, we’re empowering our members, customers, and employees to join us in this cause, and building meaningful partnerships with community organizations around the world. Our Employee Programs Our Sustainability Efforts",LinkedIn,"Global Impact Everyone deserves equal access to economic opportunity. To make that vision a reality,",Entry Level,Recently,https://socialimpact.linkedin.com/linkedin-employees,2025-06-20 12:33,"Global Impact Everyone deserves equal access to economic opportunity. To make that vision a reality, we’re empowering our members, customers, and employees to join us in this cause, and building meaningful partnerships with community organizations around the world. Our Employee Programs Our Sustainability Efforts"
Human Rights Campaign Equality 100 Award 2023-2024 Read more,LinkedIn,Human Rights Campaign Equality 100 Award 2023-2024 Read more,Entry Level,Recently,https://www.hrc.org/resources/cei-equality-100-award,2025-06-20 12:33,Human Rights Campaign Equality 100 Award 2023-2024 Read more
Opportunities,Morgan Stanley,,Entry Level,Recently,https://www.morganstanley.com/careers/career-opportunities-search?opportunity=sg,2025-06-20 12:33,Opportunities
Opportunities,Morgan Stanley,,Entry Level,Recently,https://www.morganstanley.com/careers/career-opportunities-search,2025-06-20 12:33,Opportunities
/sitemap.xml,Palantir,,Entry Level,Recently,https://www.palantir.com/sitemap.xml,2025-06-20 12:33,/sitemap.xml
Benefits,Qualcomm,,Entry Level,Recently,https://www.qualcomm.com/company/careers/benefits,2025-06-20 12:33,Benefits
Connect with us,Red Hat,Connect with us,Entry Level,Recently,https://redhat.wd5.myworkdayjobs.com/en-US/jobs/introduceYourself,2025-06-20 12:33,Connect with us
Français,Red Hat,,Entry Level,Recently,https://www.redhat.com/fr/jobs,2025-06-20 12:33,Français
Italiano,Red Hat,,Entry Level,Recently,https://www.redhat.com/it/jobs,2025-06-20 12:33,Italiano
"iOS Software Engineer, User Economy New York City, NY",Reddit,"iOS Software Engineer, User Economy New York City, NY",Entry Level,Recently,https://job-boards.greenhouse.io/reddit/jobs/6976583,2025-06-20 13:56,"iOS Software Engineer, User Economy New York City, NY"
"Content Strategist Weekend, India Focus (Contractor) London, United Kingdom",Reddit,"Content Strategist Weekend, India Focus (Contractor) London, United Kingdom",Entry Level,Recently,https://job-boards.greenhouse.io/reddit/jobs/6570398,2025-06-20 13:56,"Content Strategist Weekend, India Focus (Contractor) London, United Kingdom"
"iOS Software Engineer, User Economy Chicago, IL",Reddit,"iOS Software Engineer, User Economy Chicago, IL",Entry Level,Recently,https://job-boards.greenhouse.io/reddit/jobs/6976578,2025-06-20 13:56,"iOS Software Engineer, User Economy Chicago, IL"
"iOS Software Engineer, User Economy San Francisco, CA",Reddit,"iOS Software Engineer, User Economy San Francisco, CA",Entry Level,Recently,https://job-boards.greenhouse.io/reddit/jobs/6976582,2025-06-20 13:56,"iOS Software Engineer, User Economy San Francisco, CA"
"Content Strategist, France (Contract) Remote - United Kingdom",Reddit,"Content Strategist, France (Contract) Remote - United Kingdom",Entry Level,Recently,https://job-boards.greenhouse.io/reddit/jobs/6982400,2025-06-20 12:33,"Content Strategist, France (Contract) Remote - United Kingdom"
"Content Strategist, Spain (Contract) Remote - United Kingdom",Reddit,"Content Strategist, Spain (Contract) Remote - United Kingdom",Entry Level,Recently,https://job-boards.greenhouse.io/reddit/jobs/6982330,2025-06-20 12:33,"Content Strategist, Spain (Contract) Remote - United Kingdom"
"Growth Builder, France (Contract) Remote - United Kingdom",Reddit,"Growth Builder, France (Contract) Remote - United Kingdom",Entry Level,Recently,https://job-boards.greenhouse.io/reddit/jobs/6982380,2025-06-20 12:33,"Growth Builder, France (Contract) Remote - United Kingdom"
Strategic Community Specialist (contract) Remote - Germany,Reddit,Strategic Community Specialist (contract) Remote - Germany,Entry Level,Recently,https://job-boards.greenhouse.io/reddit/jobs/6967193,2025-06-20 12:33,Strategic Community Specialist (contract) Remote - Germany
Strategic Community Specialist (contract) Remote - Portugal,Reddit,Strategic Community Specialist (contract) Remote - Portugal,Entry Level,Recently,https://job-boards.greenhouse.io/reddit/jobs/6961935,2025-06-20 12:33,Strategic Community Specialist (contract) Remote - Portugal
Strategic Community Specialist (contract) Remote - The Netherlands,Reddit,Strategic Community Specialist (contract) Remote - The Netherlands,Entry Level,Recently,https://job-boards.greenhouse.io/reddit/jobs/6961653,2025-06-20 12:33,Strategic Community Specialist (contract) Remote - The Netherlands
Strategic Community Specialist - Swedish speaker (contract) Remote - Sweden,Reddit,Strategic Community Specialist - Swedish speaker (contract) Remote - Sweden,Entry Level,Recently,https://job-boards.greenhouse.io/reddit/jobs/6961976,2025-06-20 12:33,Strategic Community Specialist - Swedish speaker (contract) Remote - Sweden
"Machine Learning Engineer, Audience Intelligence Remote - British Columbia, Canada",Reddit,"Machine Learning Engineer, Audience Intelligence Remote - British Columbia, Canada",Entry Level,Recently,https://job-boards.greenhouse.io/reddit/jobs/6983179,2025-06-20 12:33,"Machine Learning Engineer, Audience Intelligence Remote - British Columbia, Canada"
"Machine Learning Engineer, Audience Intelligence Remote - Ontario, Canada",Reddit,"Machine Learning Engineer, Audience Intelligence Remote - Ontario, Canada",Entry Level,Recently,https://job-boards.greenhouse.io/reddit/jobs/6974427,2025-06-20 12:33,"Machine Learning Engineer, Audience Intelligence Remote - Ontario, Canada"
"Machine Learning Engineer, Search and Answers Remote - United States",Reddit,"Machine Learning Engineer, Search and Answers Remote - United States",Entry Level,Recently,https://job-boards.greenhouse.io/reddit/jobs/6534982,2025-06-20 12:33,"Machine Learning Engineer, Search and Answers Remote - United States"
"Software Engineer, Ads Foundations Remote - Ontario, Canada",Reddit,"Software Engineer, Ads Foundations Remote - Ontario, Canada",Entry Level,Recently,https://job-boards.greenhouse.io/reddit/jobs/6512458,2025-06-20 12:33,"Software Engineer, Ads Foundations Remote - Ontario, Canada"
"Software Engineer, Ads Foundations Remote - United States",Reddit,"Software Engineer, Ads Foundations Remote - United States",Entry Level,Recently,https://job-boards.greenhouse.io/reddit/jobs/6469397,2025-06-20 12:33,"Software Engineer, Ads Foundations Remote - United States"
"Web Engineer, Search Experiences Remote - United States",Reddit,"Web Engineer, Search Experiences Remote - United States",Entry Level,Recently,https://job-boards.greenhouse.io/reddit/jobs/6979395,2025-06-20 12:33,"Web Engineer, Search Experiences Remote - United States"
"Community Specialist, Thailand, based in India (Contract) Remote - India",Reddit,"Community Specialist, Thailand, based in India (Contract) Remote - India",Entry Level,Recently,https://job-boards.greenhouse.io/reddit/jobs/6832510,2025-06-20 12:33,"Community Specialist, Thailand, based in India (Contract) Remote - India"
Work at Reddit,Reddit,Work at Reddit Community We welcome the world to Reddit by supporting and nurturing our communities ,Entry Level,Recently,https://www.redditinc.com/careers,2025-06-20 12:33,"Work at Reddit Community We welcome the world to Reddit by supporting and nurturing our communities to ensure that they are the best community experiences on the internet. See Roles Corporate Technology We enable and protect a cloud centric workforce by providing technology and services that are reliable, low-friction and security is inherent. From a new hire to a new office, we bring momentum to the way Reddit does work. See Roles Data Science We transform, analyze, and interpret data, and desi..."
"Software Engineer, New Grad (2025)Toronto, Ontario, Canada",Sentry,"Software Engineer, New Grad (2025) Toronto, Ontario, Canada",Entry Level,Recently,https://sentry.io/careers/06d7ba85-17aa-4c02-83b9-e278acd88f45,2025-06-20 12:33,"Software Engineer, New Grad (2025) Toronto, Ontario, Canada"
"Sales EngineerSan Francisco, California",Sentry,"Sales Engineer San Francisco, California",Entry Level,Recently,https://sentry.io/careers/add378c9-05a2-4201-8d1c-2776ba65aaac,2025-06-20 12:33,"Sales Engineer San Francisco, California"
"Software Engineer, Intern (Fall 2025)Toronto, Ontario, Canada",Sentry,"Software Engineer, Intern (Fall 2025) Toronto, Ontario, Canada",Entry Level,Recently,https://sentry.io/careers/199f9e4a-9e24-4880-aa12-5c3040bcfd5b,2025-06-20 12:33,"Software Engineer, Intern (Fall 2025) Toronto, Ontario, Canada"
"Software Engineer, New Grad (2025)San Francisco, California",Sentry,"Software Engineer, New Grad (2025) San Francisco, California",Entry Level,Recently,https://sentry.io/careers/90fb5dd4-410d-4672-9f40-3f11ea01c75d,2025-06-20 12:33,"Software Engineer, New Grad (2025) San Francisco, California"
"Software Engineer, New Grad (2025)Vienna, Austria",Sentry,"Software Engineer, New Grad (2025) Vienna, Austria",Entry Level,Recently,https://sentry.io/careers/45a331ca-60fd-487d-a821-2f670314de27,2025-06-20 12:33,"Software Engineer, New Grad (2025) Vienna, Austria"
"Solution EngineerSan Francisco, California",Sentry,"Solution Engineer San Francisco, California",Entry Level,Recently,https://sentry.io/careers/58909ab9-3525-48fa-ae22-520e12854676,2025-06-20 12:33,"Solution Engineer San Francisco, California"
"Backend Engineer/API, Payments and Risk",Stripe,,Entry Level,Recently,https://stripe.com/jobs/listing/backend-engineer-api-payments-and-risk/6692166,2025-06-20 13:56,"Backend Engineer/API, Payments and Risk"
"Backend/API Engineer, Money as a Service (Canada)",Stripe,"Backend/API Engineer, Money as a Service (Canada)",Entry Level,Recently,https://stripe.com/jobs/listing/backend-api-engineer-money-as-a-service-canada/6176763,2025-06-20 13:56,"Backend/API Engineer, Money as a Service (Canada)"
"Backend Engineer, Web Presence and Platform Infrastructure",Stripe,,Entry Level,Recently,https://stripe.com/jobs/listing/backend-engineer-web-presence-and-platform-infrastructure/6726256,2025-06-20 13:56,"Backend Engineer, Web Presence and Platform Infrastructure"
"Backend Engineer, Revenue and Finance Automation",Stripe,,Entry Level,Recently,https://stripe.com/jobs/listing/backend-engineer-revenue-and-finance-automation/5932585,2025-06-20 13:56,"Backend Engineer, Revenue and Finance Automation"
"Backend Engineer, Product",Stripe,,Entry Level,Recently,https://stripe.com/jobs/listing/backend-engineer-product/6852213,2025-06-20 12:33,"Backend Engineer, Product"
"Account Executive, Enterprise - Retail",Stripe,,Entry Level,Recently,https://stripe.com/jobs/listing/account-executive-enterprise-retail/6954430,2025-06-20 12:33,"Account Executive, Enterprise - Retail"
Accounting Analyst,Stripe,,Entry Level,Recently,https://stripe.com/jobs/listing/accounting-analyst/6209187,2025-06-20 12:33,Accounting Analyst
Accounting Analyst - Cash and Treasury Accounting,Stripe,Accounting Analyst - Cash and Treasury Accounting,Entry Level,Recently,https://stripe.com/jobs/listing/accounting-analyst-cash-and-treasury-accounting/6967483,2025-06-20 12:33,Accounting Analyst - Cash and Treasury Accounting
AV Builds and Operations Engineer,Stripe,,Entry Level,Recently,https://stripe.com/jobs/listing/av-builds-and-operations-engineer/6689898,2025-06-20 12:33,AV Builds and Operations Engineer
Backend Engineer Dublin: Stripe Products,Stripe,,Entry Level,Recently,https://stripe.com/jobs/listing/backend-engineer-dublin-stripe-products/6852208,2025-06-20 12:33,Backend Engineer Dublin: Stripe Products
"Backend Engineer, Core Tech, Canada",Stripe,"Backend Engineer, Core Tech, Canada",Entry Level,Recently,https://stripe.com/jobs/listing/backend-engineer-core-tech-canada/6567253,2025-06-20 12:33,"Backend Engineer, Core Tech, Canada"
"Backend Engineer, Core Technology",Stripe,,Entry Level,Recently,https://stripe.com/jobs/listing/backend-engineer-core-technology/6042172,2025-06-20 12:33,"Backend Engineer, Core Technology"
"Backend Engineer, Developer Experience & Product Platform",Stripe,,Entry Level,Recently,https://stripe.com/jobs/listing/backend-engineer-developer-experience-product-platform/5628293,2025-06-20 12:33,"Backend Engineer, Developer Experience & Product Platform"
"Backend Engineer, Globalization Platform",Stripe,,Entry Level,Recently,https://stripe.com/jobs/listing/backend-engineer-globalization-platform/6591185,2025-06-20 12:33,"Backend Engineer, Globalization Platform"
"Backend Engineer, Infrastructure",Stripe,,Entry Level,Recently,https://stripe.com/jobs/listing/backend-engineer-infrastructure/6623777,2025-06-20 12:33,"Backend Engineer, Infrastructure"
Our opportunity,Stripe,,Entry Level,Recently,https://stripe.com/jobs,2025-06-20 12:33,Our opportunity
Pharmacy Intern,Walmart,,Entry Level,Recently,https://careers.walmart.com/results?q=Intern&jobDepartmentCode=-2118703550&ref=popular%20category,2025-06-20 13:56,Pharmacy Intern
Nurse Practitioner,Walmart,,Entry Level,Recently,https://careers.walmart.com/results?q=Nurse&jobDepartmentCode=-1132876687&ref=popular%20category,2025-06-20 13:56,Nurse Practitioner
Supply Chain & Logistics,Walmart,,Entry Level,Recently,https://careers.walmart.com/results?q=*&jobDepartmentCode=531868790&ref=popular%20category,2025-06-20 13:56,Supply Chain & Logistics
Technology & Software,Walmart,Technology & Software,Entry Level,Recently,"https://careers.walmart.com/results?q=&page=1&sort=rank&jobCategory=00000161-7bad-da32-a37b-fbef5e390000,00000161-7bf4-da32-a37b-fbf7c59e0000,00000161-7bff-da32-a37b-fbffc8c10000,00000161-8be6-da32-a37b-cbe70c150000&jobSubCategory=0000015a-a577-de75-a9ff-bdff284e0000&jobDepartmentCode=-872043147&expand=department,0000015e-b97d-d143-af5e-bd7da8ca0000,00000161-8be6-da32-a37b-cbe70c150000,brand,type,rate&type=jobs&ref=popular%20category",2025-06-20 13:56,Technology & Software
Terms & Conditions,Walmart,,Entry Level,Recently,https://careers.walmart.com/terms-conditions,2025-06-20 13:56,Terms & Conditions
Fleet Maintenance,Walmart,Fleet Maintenance,Entry Level,Recently,https://careers.walmart.com/distribution-fulfillment-drivers/fleet-maintenance,2025-06-20 12:33,Fleet Maintenance
Fresh Food Associate,Walmart,,Entry Level,Recently,"https://careers.walmart.com/results?q=Fresh%20Food%20Associate&jobDepartmentCode=160902875,1258366554&ref=popular%20category",2025-06-20 12:33,Fresh Food Associate
Sales Associate,Walmart,,Entry Level,Recently,https://careers.walmart.com/results?q=Sales%20Associate&ref=popular%20category,2025-06-20 12:33,Sales Associate
Sustainability,Walmart,Sustainability,Entry Level,Recently,https://corporate.walmart.com/purpose/sustainability,2025-06-20 12:33,Sustainability
International,Walmart,,Entry Level,Recently,https://corporate.walmart.com/about/location-facts,2025-06-20 12:33,International
Supply Chain and Logistics,Walmart,,Entry Level,Recently,https://careers.walmart.com/corporate/supply-chain-and-logistics,2025-06-20 12:33,Supply Chain and Logistics
"Installation, Maintenance and Utilities",Walmart,,Entry Level,Recently,https://careers.walmart.com/corporate/installation-maintenance-and-utilities,2025-06-20 12:33,"Installation, Maintenance and Utilities"
Global Investigations and Security,Walmart,,Entry Level,Recently,https://careers.walmart.com/corporate/global-investigations-and-security,2025-06-20 12:33,Global Investigations and Security
Engineering,Walmart,,Entry Level,Recently,https://careers.walmart.com/corporate/engineering,2025-06-20 12:33,Engineering
Data Analytics and Business Intelligence,Walmart,Data Analytics and Business Intelligence,Entry Level,Recently,https://careers.walmart.com/corporate/data-analytics-and-business-intelligence,2025-06-20 12:33,Data Analytics and Business Intelligence
Corporate Affairs and Communications,Walmart,Corporate Affairs and Communications,Entry Level,Recently,https://careers.walmart.com/corporate/corporate-affairs-and-communications,2025-06-20 12:33,Corporate Affairs and Communications
Software Development and Engineering,Walmart,Software Development and Engineering,Entry Level,Recently,https://careers.walmart.com/technology/software-development-and-engineering,2025-06-20 12:33,Software Development and Engineering
Data Science and Analytics,Walmart,,Entry Level,Recently,https://careers.walmart.com/technology/data-science-and-analytics,2025-06-20 12:33,Data Science and Analytics
Cybersecurity,Walmart,,Entry Level,Recently,https://careers.walmart.com/technology/cybersecurity,2025-06-20 12:33,Cybersecurity
Flex Associate,Walmart,Flex Associate,Entry Level,Recently,https://careers.walmart.com/distribution-fulfillment-drivers/flex-associate,2025-06-20 12:33,Flex Associate
